[
    {"id":1,"title":"Hello World","desc":"This is an event or milestone for out timeline.","dt":"2014-06-17T08:37:53.634Z","class":"timeline-inverted","badgeIcon":"fa fa-cog","badgeClass":"btn-danger","img":"/img/mac_coffee.jpg","link":"www.google.com"},
    {"id":2,"title":"Title Here","desc":"This is an event or milestone for out timeline.","dt":"2014-05-17T08:37:53.634Z","class":"timeline-inverted","badgeIcon":"fa fa-chevron-right","link":"www.google.com"},
    {"id":3,"title":"Some Heading","desc":"This is an event or milestone for out timeline.","dt":"2014-06-18T08:37:53.634Z","img":"/img/minibus.jpg","link":"www.google.com"},
    {"id":4,"title":"Great Things","desc":"This is an event or milestone for out timeline.","dt":"2014-06-07T08:37:53.634Z","badgeClass":"btn-success","link":"www.google.com"},
    {"id":5,"title":"Happening Here","desc":"This is an event or milestone for out timeline.","dt":"2014-06-22T08:37:53.634Z","badgeIcon":"fa fa-twitter","class":"timeline-inverted","link":"www.google.com"},
    {"id":6,"title":"Whats On First","desc":"This is an event or milestone for out timeline.","dt":"2014-06-19T08:37:53.634Z","link":"www.google.com"},
    {"id":7,"title":"Whos On Second","desc":"This is an event or milestone for out timeline.","dt":"2014-07-17T08:37:53.634Z","badgeClass":"btn-danger","badgeIcon":"fa fa-dribbble","img":"/img/mac_coffee.jpg","class":"timeline-inverted","link":"www.google.com"},
    {"id":8,"title":"Whos On Third","desc":"This is an event or milestone for out timeline.","dt":"2014-05-23T08:37:53.634Z","link":"www.google.com"}
]