[
    {"id":100,
     "title":"Some Widget Name Here",
     "desc":"A really nice, beautiful, really great, amazing, awesome widget.",
     "heading":"Full-on widgetness",
     "dtCreated":"2014-06-07T08:37:53.634Z",
     "tags":["foo","bar","metal","example","photos","product","snippet"],
     "price":"4.00",
     "votes":60,
     "avgRating":4,
     "imgUrl":"/img/mac_coffee.jpg",
     "body":"Do you want to get a widget that is really spectacular? This widget is. It has <strong>big strong</strong> features as seen <a href='javascript:;'>here</a>."
    },
    {"id":101,
     "title":"Nostro Blandit Item",
     "desc":"His euismod salutandi dissentiunt eu, Habeo offendit ea mea.",
     "heading":"Euismod salutandi",
     "dtCreated":"2014-06-07T09:37:53.634Z",
     "tags":["ovi","lipsum","dior"],
     "price":"4.25",
     "votes":67,
     "avgRating":3,
     "imgUrl":"/img/concert.jpg",
     "body":"Qui diam libris ei, vidisse incorrupte at mel. His euismod salutandi dissentiunt eu. Habeo offendit ea mea. Nostro blandit sea ea, viris timeam molestiae an has. At nisl platonem eum."
    },
    {"id":102,
     "title":"Widget Wood Ovi Lipsum",
     "desc":"His euismod salutandi dissentiunt eu, Habeo offendit ea mea.",
     "heading":"Euismod salutandi",
     "dtCreated":"2014-06-07T09:37:53.634Z",
     "tags":["ovi","wood","slider","widgets","angular"],
     "price":"4.25",
     "votes":33,
     "avgRating":5,
     "imgUrl":"/img/bg_suburb.jpg",
     "body":"Foo dog oppsu oh no yard sale. De mtns are as cold tonight for rope toe. Habeo offendit ea mea. Nostro blandit sea ea, viris timeam molestiae an has. At nisl platonem eum."
    },
    {"id":103,
     "title":"Retro Grayscale Title Here",
     "desc":"His euismod salutandi dissentiunt eu, Habeo offendit ea mea.",
     "heading":"Euismod salutandi",
     "dtCreated":"2014-06-07T09:37:53.634Z",
     "tags":["vintage","retro","widgets","angular","color"],
     "price":"5.00",
     "votes":12,
     "avgRating":4,
     "imgUrl":"/img/minibus.jpg",
     "body":"Qui diam libris ei, vidisse incorrupte at mel. His euismod salutandi dissentiunt eu. Habeo offendit ea mea. Nostro blandit sea ea, viris timeam molestiae an has. At nisl platonem eum."
    },
    {"id":104,
     "title":"Boardwalk Stroll Beach Scene",
     "desc":"His euismod salutandi dissentiunt eu, Habeo offendit ea mea.",
     "heading":"Euismod salutandi",
     "dtCreated":"2014-06-07T09:37:53.634Z",
     "tags":["ovi","typeahead","text","lipsum","dior","bootstrap","css","html5"],
     "price":"6.00",
     "votes":101,
     "avgRating":5,
     "imgUrl":"/img/boardwalk.jpg",
     "body":"Qui diam libris ei, vidisse incorrupte at mel. His euismod salutandi dissentiunt eu. Habeo offendit ea mea. Nostro blandit sea ea, viris timeam molestiae an has. At nisl platonem eum."
    },
    {"id":105,
     "title":"Habeo Offendit Nooski",
     "desc":"His euismod salutandi dissentiunt eu, Habeo offendit ea mea.",
     "heading":"Euismod salutandi",
     "dtCreated":"2014-06-07T09:37:53.634Z",
     "tags":["ovi","lipsum","dior"],
     "price":"4.25",
     "votes":42,
     "avgRating":2,
     "imgUrl":"/img/bridge_city.jpg",
     "body":"Qui diam libris ei, vidisse incorrupte at mel. His euismod salutandi dissentiunt eu. Habeo offendit ea mea. Nostro blandit sea ea, viris timeam molestiae an has. At nisl platonem eum."
    },
    {"id":106,
     "title":"Qui Diam Librit Name",
     "desc":"His euismod salutandi dissentiunt eu, Habeo offendit ea mea.",
     "heading":"Example heading",
     "dtCreated":"2014-06-07T09:37:53.634Z",
     "tags":["ovi","lipsum","dior"],
     "price":"4.25",
     "votes":12,
     "avgRating":3,
     "imgUrl":"/img/mac_coffee.jpg",
     "body":"Qui diam libris ei, vidisse incorrupte at mel. His euismod salutandi dissentiunt eu. Habeo offendit ea mea. Nostro blandit sea ea, viris timeam molestiae an has. At nisl platonem eum."
    }
]